{
  "main": {
    "id": "bbd9554e3bf88481",
    "type": "split",
    "children": [
      {
        "id": "d9f7d6a2a5175117",
        "type": "tabs",
        "children": [
          {
            "id": "bff715e976c8664e",
            "type": "leaf",
            "state": {
              "type": "graph",
              "state": {},
              "icon": "lucide-git-fork",
              "title": "Graph view"
            }
          }
        ]
      }
    ],
    "direction": "vertical"
  },
  "left": {
    "id": "dd0e2b5c253eeb02",
    "type": "split",
    "children": [
      {
        "id": "808cca8bc1a7925d",
        "type": "tabs",
        "children": [
          {
            "id": "02e547686fbafb72",
            "type": "leaf",
            "state": {
              "type": "file-explorer",
              "state": {
                "sortOrder": "alphabetical",
                "autoReveal": false
              },
              "icon": "lucide-folder-closed",
              "title": "Files"
            }
          },
          {
            "id": "a9f6e4f13178e6c1",
            "type": "leaf",
            "state": {
              "type": "search",
              "state": {
                "query": "",
                "matchingCase": false,
                "explainSearch": false,
                "collapseAll": false,
                "extraContext": false,
                "sortOrder": "alphabetical"
              },
              "icon": "lucide-search",
              "title": "Search"
            }
          },
          {
            "id": "27657af46cf47c84",
            "type": "leaf",
            "state": {
              "type": "bookmarks",
              "state": {},
              "icon": "lucide-bookmark",
              "title": "Bookmarks"
            }
          }
        ]
      }
    ],
    "direction": "horizontal",
    "width": 300
  },
  "right": {
    "id": "f8db007f17af9c12",
    "type": "split",
    "children": [
      {
        "id": "af2e005d53ff0361",
        "type": "tabs",
        "children": [
          {
            "id": "d63952047eb9c92f",
            "type": "leaf",
            "state": {
              "type": "backlink",
              "state": {
                "collapseAll": false,
                "extraContext": false,
                "sortOrder": "alphabetical",
                "showSearch": false,
                "searchQuery": "",
                "backlinkCollapsed": false,
                "unlinkedCollapsed": true
              },
              "icon": "links-coming-in",
              "title": "Backlinks"
            }
          },
          {
            "id": "a5e7dbc2f8347828",
            "type": "leaf",
            "state": {
              "type": "outgoing-link",
              "state": {
                "linksCollapsed": false,
                "unlinkedCollapsed": true
              },
              "icon": "links-going-out",
              "title": "Outgoing links"
            }
          },
          {
            "id": "01237723420bf752",
            "type": "leaf",
            "state": {
              "type": "tag",
              "state": {
                "sortOrder": "frequency",
                "useHierarchy": true,
                "showSearch": false,
                "searchQuery": ""
              },
              "icon": "lucide-tags",
              "title": "Tags"
            }
          },
          {
            "id": "9d2a83291adc652d",
            "type": "leaf",
            "state": {
              "type": "all-properties",
              "state": {
                "sortOrder": "frequency",
                "showSearch": false,
                "searchQuery": ""
              },
              "icon": "lucide-archive",
              "title": "All properties"
            }
          },
          {
            "id": "97f921898d972d02",
            "type": "leaf",
            "state": {
              "type": "outline",
              "state": {
                "followCursor": false,
                "showSearch": false,
                "searchQuery": ""
              },
              "icon": "lucide-list",
              "title": "Outline"
            }
          }
        ]
      }
    ],
    "direction": "horizontal",
    "width": 300,
    "collapsed": true
  },
  "left-ribbon": {
    "hiddenItems": {
      "switcher:Open quick switcher": false,
      "graph:Open graph view": false,
      "canvas:Create new canvas": false,
      "daily-notes:Open today's daily note": false,
      "templates:Insert template": false,
      "command-palette:Open command palette": false,
      "bases:Create new base": false
    }
  },
  "active": "bff715e976c8664e",
  "lastOpenFiles": [
    "03-Tasks/2026-02-19-i18n-batch-1.md",
    "05-Meetings/Daily/2026-02-19.md",
    "README.md",
    "05-Meetings/Daily",
    "MOC.md",
    "01-Architecture/i18n.md",
    "01-Architecture/Components/MapView.md",
    "01-Architecture/Components/PropertiesGoogleMap.md",
    "01-Architecture/Components/MobileFilterDrawer.md",
    "01-Architecture/Components",
    "00-Knowledge-Hub.md",
    "01-Architecture/00-Overview.md"
  ]
}